"5762";"3100-005762";"Les antigènes de la salive des Tiques (IXODOIDEA) et leur action immunigène chez le lapin";"";"Aeschlimann André";"Project funding (Div. I-III)";"Project funding";"Institut de Zoologie Faculté des Sciences Université de Neuchâtel";"Switzerland";"Non-profit organisations (libraries, museums, academies, foundations) and administration - NPO";"30403";"Immunology, Immunopathology";"Biology and Medicine;Experimental Medicine";"30403/30209";"01.10.1975";"30.09.1978";"237869.00";""
"5804";"3100-005804";"Rôle des Diatomées dans l'écologie d'une Tourbière jurassienne";"";"Wuthrich Marguerite";"Project funding (Div. I-III)";"Project funding";"Institut de Zoologie Faculté des Sciences Université de Neuchâtel";"Switzerland";"University of Neuchatel - NE";"30207";"Ecology";"Biology and Medicine;General Biology";"30207";"01.04.1976";"31.03.1980";"62140.00";""
"5831";"3100-005831";"Etude écologique et biocénotique d'une prairie alpine au Parc national suisse";"";"Wissenschaftliche Nationalpark- Kommission Institut de Zoologie";"Project funding (Div. I-III)";"Project funding";"Wissenschaftliche Nationalpark- Kommission Institut de Zoologie";"Switzerland";"Non-profit organisations (libraries, museums, academies, foundations) and administration - NPO";"30207";"Ecology";"Biology and Medicine;General Biology";"30207";"01.04.1976";"31.03.1980";"577158.00";""
"5977";"3100-005977";"Eco-éthologie des Mustélinés et influence sur leur com- portement des Helminthes parasites des sinus frontaux";"";"Mermod Claude Phil.";"Project funding (Div. I-III)";"Project funding";"Institut de Zoologie Faculté des Sciences Université de Neuchâtel";"Switzerland";"University of Neuchatel - NE";"30202";"Zoology";"Biology and Medicine;General Biology";"30202/30207";"01.10.1976";"31.03.1981";"232071.00";""
"6026";"3100-006026";"Physiologie de la reproduction chez les Tiques. Influence de la copulation sur les neurosécrétions et la vitellogenèse";"";"Aeschlimann André";"Project funding (Div. I-III)";"Project funding";"Institut de Zoologie Faculté des Sciences Université de Neuchâtel";"Switzerland";"Non-profit organisations (libraries, museums, academies, foundations) and administration - NPO";"30202";"Zoology";"Biology and Medicine;General Biology";"30202";"01.10.1976";"30.09.1977";"25728.00";""
"6214";"3100-006214";"Recherches sur les organes des sens chez les Tiques";"";"Aeschlimann André";"Project funding (Div. I-III)";"Project funding";"Institut de Zoologie Faculté des Sciences Université de Neuchâtel";"Switzerland";"University of Neuchatel - NE";"30202";"Zoology";"Biology and Medicine;General Biology";"30202";"01.10.1977";"30.09.1981";"278010.00";""
"6402";"3100-006402";"Recherches sur les tiques (IXODOIDEA)";"";"Aeschlimann André";"Project funding (Div. I-III)";"Project funding";"Institut de Zoologie Faculté des Sciences Université de Neuchâtel";"Switzerland";"University of Neuchatel - NE";"30202";"Zoology";"Biology and Medicine;General Biology";"30202";"01.10.1978";"30.09.1981";"753114.00";""
"6424";"3100-006424";"Ecologie comparée de Tabanides en plaine et en montagne: conditions de vie larvaire et ressources énergétiques des adultes";"";"Matthey Willy";"Project funding (Div. I-III)";"Project funding";"Institut de Zoologie Faculté des Sciences Université de Neuchâtel";"Switzerland";"University of Neuchatel - NE";"30207";"Ecology";"Biology and Medicine;General Biology";"30207";"01.10.1978";"30.09.1981";"170445.00";""
"6776";"3100-006776";"Etude écologique et biocénotique d'une pelouse alpine au Parc national suisse";"";"Wissenschaftliche Nationalpark- Kommission Institut de Zoologie";"Project funding (Div. I-III)";"Project funding";"Wissenschaftliche Nationalpark- Kommission Institut de Zoologie";"Switzerland";"Non-profit organisations (libraries, museums, academies, foundations) and administration - NPO";"30207";"Ecology";"Biology and Medicine;General Biology";"30207";"01.04.1980";"31.03.1984";"298226.00";""
"7044";"3100-007044";"Biological studies of genus Xenopus:Taxonomy, developmental Biology and Genetics, and Immunology";"";"Fischberg Michael";"Project funding (Div. I-III)";"Project funding";"Station de Zoologie Expérimentale";"Switzerland";"University of Geneva - GE";"30403";"Immunology, Immunopathology";"Biology and Medicine;Experimental Medicine";"30403";"01.10.1981";"31.03.1986";"309988.00";""
"7177";"3100-007177";"Aspects quantitatifs du cycle de Skrjabingylus nasicola, Nématode parasite des sinus frontaux des Mustélidés";"";"Mermod Claude Phil.";"Project funding (Div. I-III)";"Project funding";"Institut de Zoologie Faculté des Sciences Université de Neuchâtel";"Switzerland";"University of Neuchatel - NE";"30202";"Zoology";"Biology and Medicine;General Biology";"30202";"01.10.1981";"30.09.1985";"124254.00";""
"7188";"3100-007188";"Etude écologique et statistique de populations de larves et d'adultes chez les Tabanides";"";"Matthey Willy";"Project funding (Div. I-III)";"Project funding";"Institut de Zoologie Faculté des Sciences Université de Neuchâtel";"Switzerland";"University of Neuchatel - NE";"30207";"Ecology";"Biology and Medicine;General Biology";"30207";"01.10.1981";"30.09.1985";"205433.00";""
"7209";"3100-007209";"Recherches sur les Tiques (IXODOIDEA)";"";"Aeschlimann André";"Project funding (Div. I-III)";"Project funding";"Institut de Zoologie Faculté des Sciences Université de Neuchâtel";"Switzerland";"University of Neuchatel - NE";"30202";"Zoology";"Biology and Medicine;General Biology";"30202";"01.10.1981";"30.09.1984";"796350.00";""
"7478";"3100-007478";"DNA signals controlling the transcription of structural eukaryotic genes";"";"Rungger Duri";"Project funding (Div. I-III)";"Project funding";"Station de Zoologie Expérimentale";"Switzerland";"University of Geneva - GE";"30104";"Genetics";"Biology and Medicine;Basic Biological Research";"30104";"01.10.1982";"30.09.1984";"124960.00";""
"8025";"3100-008025";"Les prédateurs du Campagnol terrestre (Arvicola terrestris scherman): relations trophiques";"";"Mermod Claude Phil.";"Project funding (Div. I-III)";"Project funding";"Institut de Zoologie Faculté des Sciences Université de Neuchâtel";"Switzerland";"University of Neuchatel - NE";"30202";"Zoology";"Biology and Medicine;General Biology";"30202";"01.04.1985";"31.03.1988";"94534.00";""
"8104";"3100-008104";"Immunological studies in Xenopus.";"";"Fischberg H.-Azimi Irandokht";"Project funding (Div. I-III)";"Project funding";"Station de Zoologie Expérimentale";"Switzerland";"University of Geneva - GE";"30403";"Immunology, Immunopathology";"Biology and Medicine;Experimental Medicine";"30403";"01.04.1985";"31.03.1990";"46500.00";""
"8152";"3100-008152";"Protein factors controlling transcription of eucaryotic structural genes in the xenopus oocyte system";"";"Rungger Duri";"Project funding (Div. I-III)";"Project funding";"Station de Zoologie Expérimentale";"Switzerland";"University of Geneva - GE";"30104";"Genetics";"Biology and Medicine;Basic Biological Research";"30104";"01.10.1984";"30.09.1987";"242428.00";""
"8198";"3100-008198";"Recherches sur les Tiques (Ixodoidea)";"";"Aeschlimann André";"Project funding (Div. I-III)";"Project funding";"Institut de Zoologie Faculté des Sciences Université de Neuchâtel";"Switzerland";"University of Neuchatel - NE";"30202";"Zoology";"Biology and Medicine;General Biology";"30202";"01.10.1984";"30.09.1987";"725121.00";""
"8308";"3100-008308";"Atlas de répartition des poissons de la Suisse";"";"Pedroli Jean-Carlo";"Project funding (Div. I-III)";"Project funding";"Institut de Zoologie Faculté des Sciences Université de Neuchâtel";"Switzerland";"University of Neuchatel - NE";"30207";"Ecology";"Biology and Medicine;General Biology";"30207/30202";"01.10.1985";"30.09.1988";"122313.00";""
"8479";"3100-008479";"Rhopalocères (Lepidoptères) et structure du paysage: un exemple d'analyse écologique appliquée à la Protection de la Nature";"";"Matthey Willy";"Project funding (Div. I-III)";"Project funding";"Institut de Zoologie Faculté des Sciences Université de Neuchâtel";"Switzerland";"University of Neuchatel - NE";"30207";"Ecology";"Biology and Medicine;General Biology";"30207";"01.04.1986";"31.03.1987";"28525.00";""
"8847";"3100-008847";"Rhopalocères (Lépidoptères) et structure du paysage : un exemple d'analyse écologique appliquée à la protection de la Nature";"";"Matthey Willy";"Project funding (Div. I-III)";"Project funding";"Institut de Zoologie Faculté des Sciences Université de Neuchâtel";"Switzerland";"University of Neuchatel - NE";"30207";"Ecology";"Biology and Medicine;General Biology";"30207";"01.04.1987";"31.03.1989";"64808.00";""
"9064";"3130-009064";"Chemical factors in influencing a plant/herbivore/predator association (START-Beitrag)";"";"Rahier Martine";"Careers";"";"Institut de Zoologie Faculté des Sciences Université de Neuchâtel";"Switzerland";"University of Neuchatel - NE";"30207";"Ecology";"Biology and Medicine;General Biology";"30207";"01.04.1988";"30.09.1994";"793651.00";""
"9171";"3100-009171";"Trans-activation of cell type specific genes in the Xenopus oocyte";"";"Rungger Duri";"Project funding (Div. I-III)";"Project funding";"Station de Zoologie Expérimentale";"Switzerland";"University of Geneva - GE";"30104";"Genetics";"Biology and Medicine;Basic Biological Research";"30104";"01.10.1987";"30.09.1990";"300443.00";"RECDNA"
"9194";"3100-009194";"Studies on chemical ecology, sensory physiology and behaviour of ticks";"";"Diehl Peter Allan";"Project funding (Div. I-III)";"Project funding";"Institut de Zoologie Faculté des Sciences Université de Neuchâtel";"Switzerland";"University of Neuchatel - NE";"30202";"Zoology";"Biology and Medicine;General Biology";"30202";"01.10.1987";"30.09.1990";"314199.00";""
"9201";"3100-009201";"Differentiation of trichocyst secretory vesicles in a cili- ated protozoan: posttranslational processing and the role of selenium";"";"Peck Robert";"Project funding (Div. I-III)";"Project funding";"Laboratoire de Protistologie Département de Zoologie et de Biologie Animale";"Switzerland";"University of Geneva - GE";"30105";"Embryology, Developmental Biology";"Biology and Medicine;Basic Biological Research";"30105";"01.10.1987";"30.09.1989";"77538.00";""
"9213";"3100-009213";"Tick-rabbit relationship: modulation of host immunity by Ixodes ricinus L.";"";"Brossard Michel";"Project funding (Div. I-III)";"Project funding";"Institut de Zoologie Faculté des Sciences Université de Neuchâtel";"Switzerland";"University of Neuchatel - NE";"30403";"Immunology, Immunopathology";"Biology and Medicine;Experimental Medicine";"30403";"01.10.1987";"30.09.1990";"144771.00";""
"9354";"3200-009354";"Biologie et épidémiologie de Borrelia burgdorferi en Suisse";"";"Aeschlimann André";"Project funding (Div. I-III)";"Project funding";"Institut de Zoologie Faculté des Sciences Université de Neuchâtel";"Switzerland";"University of Neuchatel - NE";"30717";"Clinical Pathophysiology";"Biology and Medicine;Clinical Medicine";"30717";"01.10.1987";"31.12.1990";"382420.00";""
"10931";"4022-010931";"Bodenfauna als Bioindikator für die Bodenqualität";"";"Matthey Willy";"NRP 22 Use of Land in Switzerland";"Programmes;National Research Programmes (NRPs)";"Institut de Zoologie Faculté des Sciences Université de Neuchâtel";"Switzerland";"University of Neuchatel - NE";"20701";"Pedology";"Mathematics, Natural- and Engineering Sciences;Environmental Sciences";"20701/30202";"01.05.1986";"31.03.1990";"299991.00";""
"25743";"3101-025743";"Parasitism: Coexistence or conflict?";"";"Aeschlimann André";"Scientific Conferences";"Science communication";"Institut de Zoologie Faculté des Sciences Université de Neuchâtel";"Switzerland";"University of Neuchatel - NE";"30202";"Zoology";"Biology and Medicine;General Biology";"30202";"01.01.1989";"30.06.1989";"10000.00";""
"26341";"3100-026341";"Trichocyst secretory vesicles in a lower eukaryotic cell. Biochemical analysis of precursor processing and the Selenopro- teins implicated in processing";"";"Peck Robert";"Project funding (Div. I-III)";"Project funding";"Laboratoire de Protistologie Département de Zoologie et de Biologie Animale";"Switzerland";"University of Geneva - GE";"30105";"Embryology, Developmental Biology";"Biology and Medicine;Basic Biological Research";"30105";"01.10.1989";"30.09.1991";"85978.00";""
"27766";"3100-027766";"Organisation sociale d'une population de renards (Vulpes vulpes) en milieu montagnard";"";"Mermod Claude Phil.";"Project funding (Div. I-III)";"Project funding";"Institut de Zoologie Faculté des Sciences Université de Neuchâtel";"Switzerland";"University of Neuchatel - NE";"30202";"Zoology";"Biology and Medicine;General Biology";"30202";"01.04.1990";"31.03.1994";"324378.00";""
"28654";"3100-028654";"Anti-sense inhibition of gene function in Xenopus development";"";"Rungger Duri";"Project funding (Div. I-III)";"Project funding";"Station de Zoologie Expérimentale";"Switzerland";"University of Geneva - GE";"30105";"Embryology, Developmental Biology";"Biology and Medicine;Basic Biological Research";"30105";"01.10.1990";"30.09.1993";"295581.00";"RECDNA"
"28684";"3100-028684";"Studies on chemical ecology, sensory physiology and behaviour of ticks";"";"Diehl Peter Allan";"Project funding (Div. I-III)";"Project funding";"Institut de Zoologie Faculté des Sciences Université de Neuchâtel";"Switzerland";"University of Neuchatel - NE";"30202";"Zoology";"Biology and Medicine;General Biology";"30202";"01.10.1990";"30.09.1993";"380189.00";""
"28691";"3100-028691";"Tick-mouse relationship: skin inflammation and immunity against Ixodes ricinus L.";"";"Brossard Michel";"Project funding (Div. I-III)";"Project funding";"Institut de Zoologie Faculté des Sciences Université de Neuchâtel";"Switzerland";"University of Neuchatel - NE";"30403";"Immunology, Immunopathology";"Biology and Medicine;Experimental Medicine";"30403";"01.10.1990";"30.09.1993";"246858.00";""
"29964";"3200-029964";"Biologie et épidémiologie de Borrelia burgdorferi en Suisse";"";"Gern Lise";"Project funding (Div. I-III)";"Project funding";"Institut de Zoologie Faculté des Sciences Université de Neuchâtel";"Switzerland";"University of Neuchatel - NE";"30717";"Clinical Pathophysiology";"Biology and Medicine;Clinical Medicine";"30717";"01.01.1991";"31.12.1995";"433460.00";""
"30228";"3100-030228";"Acoustical content of proximal interactions between cats and humans: feline vocalizations and human speech";"";"Mermod Claude Phil.";"Project funding (Div. I-III)";"Project funding";"Institut de Zoologie Faculté des Sciences Université de Neuchâtel";"Switzerland";"University of Neuchatel - NE";"30202";"Zoology";"Biology and Medicine;General Biology";"30202";"01.04.1991";"31.03.1994";"231075.00";""
"30413";"83R -030413";"'Host Plant Selection by Herbivorous Insects: Identification of Plant Chemicals and Chemoreceptors'.";"";"Birch Andrew Nicolas";"International short research visits";"Careers";"UNI: Eidg. Forschungsanstalt Dept Zoologie W ädenswil CH";"Switzerland";"Swiss Federal Institute for Forest, Snow and Landscape Research  - WSL";"30202";"Zoology";"Biology and Medicine;General Biology";"30202";"25.11.1990";"24.12.1990";"1350.00";""
"30431";"3100-030431";"Ecologcal study of the Oribatid mites and Diptera with edaphic larvae in the contact zones between peat-bogs and meadowlands in the Swiss Jura";"";"Matthey Willy";"Project funding (Div. I-III)";"Project funding";"Institut de Zoologie Faculté des Sciences Université de Neuchâtel";"Switzerland";"University of Neuchatel - NE";"30207";"Ecology";"Biology and Medicine;General Biology";"30207";"01.04.1991";"30.11.1995";"266152.00";""
"31033";"3100-031033";"Polypeptides of the Trichocyst secretory vesicle: glycosylation, peptide maps and identification of precursors";"";"Peck Robert";"Project funding (Div. I-III)";"Project funding";"Laboratoire de Protistologie Département de Zoologie et de Biologie Animale";"Switzerland";"University of Geneva - GE";"30105";"Embryology, Developmental Biology";"Biology and Medicine;Basic Biological Research";"30105";"01.10.1991";"30.09.1993";"48314.00";""
"31382";"3101-031382";"XIIIème Colloque Européen d'Arachnologie";"";"Fürst Pierre-Alain";"Scientific Conferences";"Science communication";"Institut de Zoologie Faculté des Sciences Université de Neuchâtel";"Switzerland";"University of Neuchatel - NE";"30202";"Zoology";"Biology and Medicine;General Biology";"30202";"01.05.1993";"31.10.1993";"10000.00";""
"31430";"3101-031430";"Immunological interactions of skin and parasites";"";"Brossard Michel";"Scientific Conferences";"Science communication";"Institut de Zoologie Faculté des Sciences Université de Neuchâtel";"Switzerland";"University of Neuchatel - NE";"30403";"Immunology, Immunopathology";"Biology and Medicine;Experimental Medicine";"30403";"01.09.1991";"29.02.1992";"8000.00";""
"33669";"3100-033669";"Second and third trophic level effects of plant toxins";"";"Rahier Martine";"Project funding (Div. I-III)";"Project funding";"Institut de Zoologie Faculté des Sciences Université de Neuchâtel";"Switzerland";"University of Neuchatel - NE";"30207";"Ecology";"Biology and Medicine;General Biology";"30207";"01.10.1992";"30.09.1996";"385777.00";""
"33961";"3100-033961";"Isolation and characterization of cDNA clones coding for cuticular proteins of filariae and other parasitic nematodes.";"";"Betschart Bruno";"Project funding (Div. I-III)";"Project funding";"Institut de Zoologie Faculté des Sciences Université de Neuchâtel";"Switzerland";"University of Neuchatel - NE";"30712";"Tropical Medicine";"Biology and Medicine;Clinical Medicine";"30712";"01.10.1992";"30.09.1996";"165000.00";""
"37374";"3100-037374";"Tissue-specific gene regulation tested by microinjection assays";"";"Rungger Duri";"Project funding (Div. I-III)";"Project funding";"Station de Zoologie Expérimentale";"Switzerland";"University of Geneva - GE";"30105";"Embryology, Developmental Biology";"Biology and Medicine;Basic Biological Research";"30105";"01.10.1993";"30.09.1996";"280780.00";"RECDNA"
"37420";"3100-037420";"Studies on chemical ecology, sensory physiology and behaviour of ticks";"";"Guerin Patrick";"Project funding (Div. I-III)";"Project funding";"Institut de Zoologie Faculté des Sciences Université de Neuchâtel";"Switzerland";"University of Neuchatel - NE";"30202";"Zoology";"Biology and Medicine;General Biology";"30202";"01.10.1993";"30.09.1997";"182084.00";""
"37548";"3100-037548";"Molecular phylogeny of the Eucestoda (Platyhelminthes)";"";"Mariaux Jean";"Project funding (Div. I-III)";"Project funding";"Institut de Zoologie Faculté des Sciences Université de Neuchâtel";"Switzerland";"University of Neuchatel - NE";"30202";"Zoology";"Biology and Medicine;General Biology";"30202";"01.10.1993";"30.09.1997";"125876.00";""
"37652";"3100-037652";"Tick antigens and CD 4+ T cells cytokine patterns in mice infes- ted with Ixodes ricinus immature instars";"";"Brossard Michel";"Project funding (Div. I-III)";"Project funding";"Institut de Zoologie Faculté des Sciences Université de Neuchâtel";"Switzerland";"University of Neuchatel - NE";"30403";"Immunology, Immunopathology";"Biology and Medicine;Experimental Medicine";"30403";"01.10.1993";"30.09.1996";"260000.00";""
"39174";"3100-039174";"Oribatid mite assemblages in contact zones between peat bogs and meadows: a landscape perspective";"";"Geiger Willy";"Project funding (Div. I-III)";"Project funding";"Institut de Zoologie Faculté des Sciences Université de Neuchâtel";"Switzerland";"University of Neuchatel - NE";"30207";"Ecology";"Biology and Medicine;General Biology";"30207";"01.04.1994";"31.03.1997";"178873.00";""
"39758";"3100-039758";"Renewal of the transmission electron microscopy unit";"";"Diehl Peter Allan";"Project funding (Div. I-III)";"Project funding";"Institut de Zoologie Faculté des Sciences Université de Neuchâtel";"Switzerland";"University of Neuchatel - NE";"30301";"Structural Research";"Biology and Medicine;Basic Medical Sciences";"30301";"01.04.1994";"31.03.1996";"487116.00";""
"40355";"3100-040355";"The role of social behaviour and food in red fox dipersal";"";"Weber Jean-Marc";"Project funding (Div. I-III)";"Project funding";"Institut de Zoologie Faculté des Sciences Université de Neuchâtel";"Switzerland";"University of Neuchatel - NE";"30202";"Zoology";"Biology and Medicine;General Biology";"30202";"01.10.1994";"31.03.1998";"189109.00";""
"42919";"3118-042919";"Biodiversité et structuration génétique des populations dans les systèmes hôte-parasite: le modèle tique";"";"Aeschlimann André";"Project funding (special)";"Project funding";"Institut de Zoologie Faculté des Sciences Université de Neuchâtel";"Switzerland";"University of Neuchatel - NE";"30202";"Zoology";"Biology and Medicine;General Biology";"30202";"01.05.1995";"31.10.1999";"65000.00";""
"46237";"3100-046237";"The Chemical Ecology of Tritrophic Level Interactions: Herbivore-Induced Emissions of Maize Volatiles that Attract Beneficial Insects";"";"Turlings Théodoor";"Project funding (Div. I-III)";"Project funding";"Institut de Zoologie Faculté des Sciences Université de Neuchâtel";"Switzerland";"University of Neuchatel - NE";"30207";"Ecology";"Biology and Medicine;General Biology";"30207";"01.08.1996";"31.05.2000";"550311.00";""
"46278";"3101-046278";"XXème Colloque Francophone de Mammalogie";"";"Mermod Claude Phil.";"Scientific Conferences";"Science communication";"Institut de Zoologie Faculté des Sciences Université de Neuchâtel";"Switzerland";"University of Neuchatel - NE";"30202";"Zoology";"Biology and Medicine;General Biology";"30202";"01.09.1996";"28.02.1997";"4000.00";""
"46850";"3100-046850";"Ecological, genetic and behavioral determinants of host use in alpine leaf beetles (chrysomelidae, coleoptera)";"";"Rahier Martine";"Project funding (Div. I-III)";"Project funding";"Institut de Zoologie Faculté des Sciences Université de Neuchâtel";"Switzerland";"University of Neuchatel - NE";"30207";"Ecology";"Biology and Medicine;General Biology";"30207";"01.10.1996";"30.09.2001";"834195.00";""
"46862";"3100-046862";"Induction and polarization of the immune response in mice infes- ted with naive or Borrelia Burgdorferi-infected Ixodes ricinus ticks";"";"Brossard Michel";"Project funding (Div. I-III)";"Project funding";"Institut de Zoologie Faculté des Sciences Université de Neuchâtel";"Switzerland";"University of Neuchatel - NE";"30403";"Immunology, Immunopathology";"Biology and Medicine;Experimental Medicine";"30403";"01.10.1996";"30.09.1999";"247500.00";""
"46946";"3100-046946";"Gene regulation tested by microinjection assays in Xenopus oocy- tes and embryos A: transactivation of interleukin genes B: Antisense inhibition of inducer genes";"";"Rungger Duri";"Project funding (Div. I-III)";"Project funding";"Station de Zoologie Expérimentale";"Switzerland";"University of Geneva - GE";"30105";"Embryology, Developmental Biology";"Biology and Medicine;Basic Biological Research";"30105";"01.10.1996";"30.09.1999";"184500.00";"RECDNA"
"47194";"3100-047194";"Synthesis and structure of cuticular proteins in nematodes";"";"Betschart Bruno";"Project funding (Div. I-III)";"Project funding";"Institut de Zoologie Faculté des Sciences Université de Neuchâtel";"Switzerland";"University of Neuchatel - NE";"30103";"Cellular Biology, Cytology";"Biology and Medicine;Basic Biological Research";"30103";"01.10.1996";"30.09.1999";"178800.00";""
"49827";"3252-049827";"Attentional deficits in schizophrenia: a real world neural net- work approach";"";"Früh Hansruedi";"Project funding";"";"Departement Neurobiologie Institut für Zoologie Universität Zürich";"Switzerland";"University of Zurich - ZH";"30708";"Neurology, Psychiatry";"Biology and Medicine;Clinical Medicine";"30708/20506";"01.04.1997";"30.06.2001";"156352.00";""
"50658";"3100-050658";"Studies on chemical ecology, sensory physiology and behaviour of ticks";"";"Guerin Patrick";"Project funding (Div. I-III)";"Project funding";"Institut de Zoologie Faculté des Sciences Université de Neuchâtel";"Switzerland";"University of Neuchatel - NE";"30202";"Zoology";"Biology and Medicine;General Biology";"30202";"01.10.1997";"30.09.1998";"40674.00";""
"52387";"3100-052387";"The effects of bean domestication on the interaction between a Bruchid beetle and its larval parasitoid";"";"Benrey Betty";"Project funding (Div. I-III)";"Project funding";"Institut de Zoologie Faculté des Sciences Université de Neuchâtel";"Switzerland";"University of Neuchatel - NE";"30207";"Ecology";"Biology and Medicine;General Biology";"30207";"01.04.1998";"30.09.2001";"189000.00";""
"52566";"3100-052566";"A quantitative approach of food web ecology";"";"Bersier Louis-Félix";"Project funding (Div. I-III)";"Project funding";"Institut de Zoologie Faculté des Sciences Université de Neuchâtel";"Switzerland";"University of Neuchatel - NE";"30207";"Ecology";"Biology and Medicine;General Biology";"30207";"01.05.1999";"30.04.2004";"448691.00";""
"52744";"3200-052744";"Investigation of human granulocytic Ehrlichiosis in Switzerland";"";"Brossard Michel";"Project funding (Div. I-III)";"Project funding";"Institut de Zoologie Faculté des Sciences Université de Neuchâtel";"Switzerland";"University of Neuchatel - NE";"30307";"Medical Microbiology";"Biology and Medicine;Basic Medical Sciences";"30307/30402";"01.04.1998";"31.03.2001";"162683.00";""
"53875";"3100-053875";"Differential gene expression during Selenium induction of pre- cursor-to product processing in dense-core secretory vesicle formation";"";"Peck Robert";"Project funding (Div. I-III)";"Project funding";"Laboratoire de Protistologie Département de Zoologie et de Biologie Animale";"Switzerland";"University of Geneva - GE";"30103";"Cellular Biology, Cytology";"Biology and Medicine;Basic Biological Research";"30103";"01.10.1998";"30.09.2002";"39613.00";""
"56836";"3100-056836";"Mice infested with Ixodes ricinus: contribution of tick saliva components and atigen presenting cells environment to T helper polarization";"";"Brossard Michel";"Project funding (Div. I-III)";"Project funding";"Institut de Zoologie Faculté des Sciences Université de Neuchâtel";"Switzerland";"University of Neuchatel - NE";"30403";"Immunology, Immunopathology";"Biology and Medicine;Experimental Medicine";"30403";"01.10.1999";"30.09.2002";"210000.00";""
"56860";"3100-056860";"Repressor and activator of IL-2 and HIV-1 transcription";"";"Rungger Duri";"Project funding (Div. I-III)";"Project funding";"Station de Zoologie Expérimentale";"Switzerland";"University of Geneva - GE";"30403";"Immunology, Immunopathology";"Biology and Medicine;Experimental Medicine";"30403";"01.10.1999";"30.09.2002";"190000.00";"RECDNA"
"56988";"3100-056988";"The sensory physiology, behaviour and chemical ecology of arthro-pods vectors of disease";"";"Guerin Patrick";"Project funding (Div. I-III)";"Project funding";"Institut de Zoologie Faculté des Sciences Université de Neuchâtel";"Switzerland";"University of Neuchatel - NE";"30202";"Zoology";"Biology and Medicine;General Biology";"30202";"01.10.1999";"31.05.2002";"126700.00";""
"57098";"3200-057098";"Eco-epidemiology of ixodes ricinus and borrelia burgdorferi sensulato in Switzerland";"";"Gern Lise";"Project funding (Div. I-III)";"Project funding";"Institut de Zoologie Faculté des Sciences Université de Neuchâtel";"Switzerland";"University of Neuchatel - NE";"30202";"Zoology";"Biology and Medicine;General Biology";"30202";"01.10.1999";"31.03.2003";"420000.00";""
"58865";"3100-058865";"Herbivore-induced plant odors: their ecological significance and potential for exploitation in crop protection";"";"Turlings Théodoor";"Project funding (Div. I-III)";"Project funding";"Institut de Zoologie Faculté des Sciences Université de Neuchâtel";"Switzerland";"University of Neuchatel - NE";"30207";"Ecology";"Biology and Medicine;General Biology";"30207";"01.07.2000";"30.06.2005";"766667.00";""
"64821";"3100-064821";"Determinants of genetic structure of parasitoid populations in a tritrophic system";"";"Benrey Betty";"Project funding (Div. I-III)";"Project funding";"Institut de Zoologie Faculté des Sciences Université de Neuchâtel";"Switzerland";"University of Neuchatel - NE";"30207";"Ecology";"Biology and Medicine;General Biology";"30207";"01.10.2001";"31.12.2005";"221196.00";"TRI-TROPHIC INTERACTION; PARASITOIDS; GENETIC DIFFERENTIATION; PHASEOLUS; POPULATION STRUCTURE"
"64864";"3100-064864";"Local adaptation in host plant utilisation and life histories in alpine leaf beetles (Oreina, Chrosomelidae, Coleoptera)";"";"Rahier Martine";"Project funding (Div. I-III)";"Project funding";"Institut de Zoologie Faculté des Sciences Université de Neuchâtel";"Switzerland";"University of Neuchatel - NE";"30207";"Ecology";"Biology and Medicine;General Biology";"30207";"01.10.2001";"30.09.2007";"833333.00";"LOCAL ADAPTATION; SEQUESTRATION; LIFE HISTORY THEORY; GENETIC STRUCTURE; GENE FLOW; CHRYSOMELIDAE; CHEMICAL DEFENCE; FITNESS; SPATIAL VARIATION; SEASONAL TIMING; OREINA; INSECT-HOST PLANT INTERACTIONS"
"65748";"5005-065748";"NCCR Plant Survival: Plant Survival in Natural and Agricultural Ecosystems (phase I)";"";"Rahier Martine";"National Centres of Competence in Research (NCCRs)";"Programmes";"Institut de Zoologie Faculté des Sciences Université de Neuchâtel";"Switzerland";"University of Neuchatel - NE";"30206";"Environmental Research";"Biology and Medicine;General Biology";"30206";"01.04.2001";"31.03.2005";"3917872.00";""
"68187";"3100-068187";"Testing eye-selector gene function in Xenopus embryos by surroga-te genetics";"";"Rungger Duri";"Project funding (Div. I-III)";"Project funding";"Station de Zoologie Expérimentale";"Switzerland";"University of Geneva - GE";"30104";"Genetics";"Biology and Medicine;Basic Biological Research";"30104";"01.10.2002";"30.09.2007";"177810.00";"RECDNA; ANTISENSE MORPHOLINO; EYE DEVELOPMENT; KONOCKOUT; SURROGATE GENETICS; XENOPUS"
"69273";"3234-069273";"Cellular and Molecular Basis of Olfactory Discrimination in Drosophila melanogaster. (subside MHV).";"";"Ramaekers Ariane";"Marie Heim-Voegtlin grants";"Careers;Academic and research careers (non-professorial)";"Institut de Zoologie Département de Biologie Université de Fribourg";"Switzerland";"University of Fribourg - FR";"30105";"Embryology, Developmental Biology";"Biology and Medicine;Basic Biological Research";"30105";"01.04.2003";"31.03.2004";"91685.00";"DROSOPHILA MELANOGASTER; OLFACTORY DISCRIMINATION; CELLULAR AND MOLECULAR-; BASIS"
"100657";"32003B-100657";"Eco-epidemiology of ixodes ricinus and borrelia burgdorferi sensulato in Switzerland";"";"Gern Lise";"Project funding (Div. I-III)";"Project funding";"Institut de Zoologie Faculté des Sciences Université de Neuchâtel";"Switzerland";"University of Neuchatel - NE";"30307";"Medical Microbiology";"Biology and Medicine;Basic Medical Sciences";"30307/30202";"01.04.2003";"30.09.2006";"222254.00";"Lyme borreliosis; Ixodes ricinus; Borrelia burgdorferi; Ecology; Genetic diversity; Rodents"
"105093";"PA0033-105093";"Geschlechterverteilung und sexueller Konflikt bei einem simultanen Zwitter";"Sex allocation and sexual conflict in a simultaneous hermaphrodite";"Schärer Lukas";"Fellowships for advanced researchers";"Careers;Fellowships";"Institut für Zoologie und Limnologie Leopold-Franzens-Universität";"Austria";"Institution abroad - IACH";"30202";"Zoology";"Biology and Medicine;General Biology";"30202";"01.12.2004";"31.08.2006";"data not included in P3";"artificial selection; experimental evolution; flatworm; macrostonum; quantitative genetics; sex allocation"
"107974";"31003A-107974";"Cross-effects between below- and aboveground multitrophic interactions";"Cross-effects between below- and aboveground multitrophic interactions";"Turlings Théodoor";"Project funding (Div. I-III)";"Project funding";"Institut de Zoologie Faculté des Sciences Université de Neuchâtel";"Switzerland";"University of Neuchatel - NE";"30207";"Ecology";"Biology and Medicine;General Biology";"30207";"01.07.2005";"30.09.2008";"335000.00";"tri-trophic interactions; indirect plant defence; parasitoids; entomopathogenic nematodes; synomones; host searching"
"108019";"31003A-108019";"The evolution and maintenance of cooperation between unrelated individuals: integrating game theoretic models and an ecological approach to cognition";"The evolution and maintenance of cooperation between unrelated individuals: integrating game theoretic models and an ecological approach to cognition";"Bshary Redouan";"Project funding (Div. I-III)";"Project funding";"Institut de Zoologie Département Eco-Ethologie Université de Neuchâtel";"Switzerland";"University of Neuchatel - NE";"30202";"Zoology";"Biology and Medicine;General Biology";"30202/30207/30407";"01.04.2005";"30.04.2008";"377000.00";"evolution of cooperation; mutualism; animal cognition; game theory; endocrinology; modelling"
"109239";"31003A-109239";"The respective roles of hosts and plants in mediating genetic differentiation among bruchid parasitoids";"The respective roles of hosts and plants in mediating genetic differentiation among bruchid parasitoids";"Benrey Betty";"Project funding (Div. I-III)";"Project funding";"Institut de Zoologie Faculté des Sciences Université de Neuchâtel";"Switzerland";"University of Neuchatel - NE";"30207";"Ecology";"Biology and Medicine;General Biology";"30207";"01.01.2006";"30.06.2009";"216154.00";"parasitoids; genetic differentiation; tritrophic interactions; beans; host plants"
"109816";"31003A-109816";"Mate choice, multiple mating and parasite - host interactions in Columbian ground squirrels (Spermophilus columbianus)";"Mate choice, multiple mating and parasite - host interactions in Columbian ground squirrels (Spermophilus columbianus)";"Neuhaus Peter";"Project funding (Div. I-III)";"Project funding";"Institut de Zoologie Université de Neuchâtel";"Switzerland";"University of Neuchatel - NE";"30202";"Zoology";"Biology and Medicine;General Biology";"30202";"01.12.2005";"31.05.2009";"248801.00";"mate choice; reproductive success; paternity; multiple mating; parasites; costs of reproduction"
"110108";"51NF40-110108";"NCCR Plant Survival: Plant Survival in Natural and Agricultural Ecosystems (phase II)";"Plant Survival in Natural and Agricultural Ecosystems (NCCR Plant Survival)";"Turlings Théodoor";"National Centres of Competence in Research (NCCRs)";"Programmes";"Institut de Zoologie Faculté des Sciences Université de Neuchâtel";"Switzerland";"University of Neuchatel - NE";"30206";"Environmental Research";"Biology and Medicine;General Biology";"30206";"01.04.2005";"31.03.2009";"2985687.00";""
"110687";"31CO3A-110687";"5th International Conference on Ticks & Tick-Borne Pathogens (TTP5)";"5th International Conference on Ticks & Tick-Borne Pathogens (TTP5)";"Guerin Patrick";"Scientific Conferences";"Science communication";"Institut de Zoologie Faculté des Sciences Université de Neuchâtel";"Switzerland";"University of Neuchatel - NE";"30202";"Zoology";"Biology and Medicine;General Biology";"30202";"01.08.2005";"31.08.2005";"0.00";""
"112425";"31003A-112425";"Host seeking in tsetse flies and functional genomics of hunger-driven behaviors in anopheles gambiae";"Host seeking in tsetse flies and functional genomics of hunger-driven behaviors in anopheles gambiae";"Guerin Patrick";"Project funding (Div. I-III)";"Project funding";"Institut de Zoologie Faculté des Sciences Université de Neuchâtel";"Switzerland";"University of Neuchatel - NE";"30202";"Zoology";"Biology and Medicine;General Biology";"30202";"01.04.2006";"30.06.2008";"161300.00";"tsetse flies; glossina spp.; host seeking; mosquito; anopheles gambiae; functional genomics"
"113936";"320030-113936";"Eco-epidemiology of the tick Ixodes ricinus and of transmitted pathogens in Switzerland";"Eco-epidemiology of the tick Ixodes ricinus and of transmitted pathogens in Switzerland";"Gern Lise";"Project funding (Div. I-III)";"Project funding";"Institut de Zoologie Faculté des Sciences Université de Neuchâtel";"Switzerland";"University of Neuchatel - NE";"30202";"Zoology";"Biology and Medicine;General Biology";"30202";"01.10.2006";"30.09.2009";"260000.00";"borrelia burgdorferi; babesia sp; TBE virus; ixodes ricinus; phenology; climate change"
"115715";"405940-115715";"Multitrophic interactions of transgenic Bacillus thuringiensis (Bt) maize with the soil ecosystem";"";"Zwahlen Claudia";"NRP 59 Benefits and Risks of the Deliberate Release of Genetically Modified Plants";"Programmes;National Research Programmes (NRPs)";"Institut de Zoologie Faculté des Sciences Université de Neuchâtel";"Switzerland";"University of Neuchatel - NE";"30207";"Ecology";"Biology and Medicine;General Biology";"30207/30101/30206/30202";"01.06.2007";"30.06.2011";"435910.00";"Mutualistic interactions; indirect plant defense; entomopathogenic nematodes; transgenic Bt maize ; soil ecosystem"
"116049";"31003A-116049";"Large-scale DNA sequencing in taxonomy and conservation: a case study with the mayfly family heptageniidae (ephemeroptera) in the Alps and Madagascar";"Large-scale DNA sequencing in taxonomy and conservation: a case study with the mayfly family heptageniidae (ephemeroptera) in the Alps and Madagascar";"Sartori Michel";"Project funding (Div. I-III)";"Project funding";"Musée cantonal de Zoologie";"Switzerland";"University of Lausanne - LA";"30104";"Genetics";"Biology and Medicine;Basic Biological Research";"30104/30207";"01.04.2007";"30.09.2010";"253796.00";"systematics; taxonomy; speciation; morphology; genetics; DNA"
"117782";"31003A-117782";"Genetic analysis of visual system light adaptation";"Genetic analysis of visual system light adaptation";"Neuhauss Stephan";"Project funding (Div. I-III)";"Project funding";"Departement Neurobiologie Institut für Zoologie Universität Zürich";"Switzerland";"University of Zurich - ZH";"30302";"Neurophysiology and Brain Research";"Biology and Medicine;Basic Medical Sciences";"30302/30102/30104";"01.10.2007";"31.03.2011";"296000.00";"vision; zebrafish; adaptation; arrestin; Usher syndrome; visual transduction cascade; dopamine; rhodopsin; cone photoreceptor; retinal dystrophy"
"120611";"310030_120611";"Fin and heart regeneration in zebrafish";"";"Jazwinska Anna";"Project funding (Div. I-III)";"Project funding";"Institut de Zoologie Département de Biologie Université de Fribourg";"Switzerland";"University of Fribourg - FR";"30105";"Embryology, Developmental Biology";"Biology and Medicine;Basic Biological Research";"30105";"01.06.2008";"31.12.2011";"318000.00";"zebrafish; regeneration; heart; fin; limb"
"127364";"31003A_127364";"Do plant-mediated indirect interactions among herbivores affect parasitoid performance and genetic population structure?";"Do plant-mediated indirect interactions among herbivores affect parasitoid performance and genetic population structure?";"Benrey Betty";"Project funding (Div. I-III)";"Project funding";"Institut de Zoologie Faculté des Sciences Université de Neuchâtel";"Switzerland";"University of Neuchatel - NE";"30207";"Ecology";"Biology and Medicine;General Biology";"30207/30205";"01.10.2009";"30.09.2014";"288000.00";"multitrophic interactions; induced plant defense; indirect plant-mediated effects; local adaptation; parasitoids; plant chemicals; plant-insect interactions; natural enemies; beans; insect ecology"
"135598";"31003A_135598";"Genetic Analysis of Vertebrate Vision";"Genetic Analysis of Vertebrate Vision";"Neuhauss Stephan";"Project funding (Div. I-III)";"Project funding";"Departement Neurobiologie Institut für Zoologie Universität Zürich";"Switzerland";"University of Zurich - ZH";"30302";"Neurophysiology and Brain Research";"Biology and Medicine;Basic Medical Sciences";"30302/30104/30102/30105";"01.04.2011";"31.03.2014";"468000.00";"vision; retina; synapse; zebrafish; genetics; electrophysiology; visual behavior; bipolar cell"
"138062";"310030_138062";"How do zebrafish regenerate their organs?";"";"Jazwinska Anna";"Project funding (Div. I-III)";"Project funding";"Institut de Zoologie Département de Biologie Université de Fribourg";"Switzerland";"University of Fribourg - FR";"30105";"Embryology, Developmental Biology";"Biology and Medicine;Basic Biological Research";"30105/30202";"01.03.2012";"30.09.2015";"480701.00";"zebrafish; organ regeneration; fin; myocardial infarction; fish"
"139163";"PP00P3_139163";"Epigenetic Control of Regeneration in Myelinating Glia";"Epigenetic Control of Regeneration in Myelinating Glia";"Jacob Claire";"SNSF Professorships";"Careers";"Institut de Zoologie Département de Biologie Université de Fribourg";"Switzerland";"University of Fribourg - FR";"30105";"Embryology, Developmental Biology";"Biology and Medicine;Basic Biological Research";"30105/30103";"01.03.2012";"29.02.2016";"1639982.00";"Differentiation; Myelination; Development; Epigenetics; Myelinating glia; Histone Deacelylases; Regeneration"
"139549";"31CO30_139549";"26th Conference of the European Comparative Endocrinologists 21st-25th August 2012";"26th Conference of the European Comparative Endocrinologists 21st-25th August 2012";"Eppler Elisabeth";"Scientific Conferences";"Science communication";"Anatomisches Institut Universität Zürich";"Switzerland";"University of Zurich - ZH";"30102";"Molecular Biology";"Biology and Medicine;Basic Biological Research";"30102/30202/30304";"01.01.2012";"31.12.2012";"2542.80";"Experimentelle Endokrinologie; vergleichende Endokrinologie; Biologie; Zoologie; Evolutionsbiologie; Umweltwissenschaften; vergleichende Immunologie"
"141153";"31003A_141153";"Pathogen diversity and the evolutionary ecology of a tick-borne disease";"Pathogen diversity and the evolutionary ecology of a tick-borne disease";"Voordouw Maarten";"Project funding (Div. I-III)";"Project funding";"Institut de Zoologie Faculté des Sciences Université de Neuchâtel";"Switzerland";"University of Neuchatel - NE";"30207";"Ecology";"Biology and Medicine;General Biology";"30207/30202/30107";"01.08.2012";"31.07.2015";"337000.00";"parasite transmission; Borrelia burgdorferi; epidemiology; infectious diseases; Lyme disease; host-parasite interactions; vector-borne disease; ticks"
"146678";"PBBSP1_146678";"Wunderbare Wesen - Die Ordnung der Tierwelt in der schweizerischen Naturgeschichte um 1700";"Wonderful Creatures - Classifying the Animal Kingdom in Early Modern Swiss Natural History";"Flubacher Silvia";"Fellowships for prospective researchers";"Careers;Fellowships";"Department of History University of California, Berkeley";"United States of America";"Institution abroad - IACH";"10301";"General history (without pre-and early history)";"Humanities and Social Sciences;Theology & religious studies, history, classical studies, archaeology, prehistory and early history";"10301/10302";"01.05.2013";"31.01.2014";"data not included in P3";"Naturgeschichte; Wissenschaftsgeschichte; Wissensgeschichte; Tiergeschichte; Zoologiegeschichte"
"159995";"310030_159995";"Mechanisms of organ regeneration in zebrafish";"";"Jazwinska Anna";"Project funding (Div. I-III)";"Project funding";"Institut de Zoologie Département de Biologie Université de Fribourg";"Switzerland";"University of Fribourg - FR";"30105";"Embryology, Developmental Biology";"Biology and Medicine;Basic Biological Research";"30105";"01.10.2015";"30.09.2018";"474000.00";"heart regeneration; fin regeneration; zebrafish; dedifferentiation; blastema"
"162860";"31003A_162860";"Agricultural practices and the cascading effects of apparent competition: A case study of trophic interactions on cultivated maize and wild lima bean plants.";"Agricultural practices and the cascading effects of apparent competition: A case study of trophic interactions on cultivated maize and wild lima bean plants.";"Benrey Betty";"Project funding (Div. I-III)";"Project funding";"Institut de Zoologie Faculté des Sciences Université de Neuchâtel";"Switzerland";"University of Neuchatel - NE";"30207";"Ecology";"Biology and Medicine;General Biology";"30207/30205";"01.10.2016";"30.09.2019";"372000.00";"multitrophic interactions; biological control; indirect plant-mediated effects; Apparent competition; Agricultural Ecosystems; parasitoids"
"163759";"PP00P3_163759";"Regeneration by Chromatin-Remodeling Enzymes in Myelinating Glia";"Regeneration by Chromatin-Remodeling Enzymes in Myelinating Glia";"Jacob Claire";"SNSF Professorships";"Careers";"Institut de Zoologie Département de Biologie Université de Fribourg";"Switzerland";"University of Fribourg - FR";"30105";"Embryology, Developmental Biology";"Biology and Medicine;Basic Biological Research";"30105/30103";"01.03.2016";"28.02.2017";"399089.00";"Regeneration; Myelination; Differentiation; Histone deacelylases; Dedifferentiation; Myelinating glia; Chromatin-remodeling enzymes; Maintenance; Development"
"164122";"10CO15_164122";"Konrad Gessner Kongress 2016";"";"Opitz Peter";"Scientific Conferences";"Science communication";"Inst. für Schweiz. Reformationsgeschichte Universität Zürich";"Switzerland";"University of Zurich - ZH";"10102";"Religious studies, Theology";"Humanities and Social Sciences;Theology & religious studies, history, classical studies, archaeology, prehistory and early history";"10102/20806/30201/30203/10302/20805/10503/20809/30202";"01.06.2016";"31.08.2016";"6400.00";"Philologie; Zoologie; Botanik; Frühe Neuzeit; Medizingeschichte; Theologie"
"173072";"31003A_173072";"Histone methylation in myelinating cell plasticity";"Histone methylation in myelinating cell plasticity";"Jacob Claire";"Project funding (Div. I-III)";"Project funding";"Institut de Zoologie Département de Biologie Université de Fribourg";"Switzerland";"University of Fribourg - FR";"30105";"Embryology, Developmental Biology";"Biology and Medicine;Basic Biological Research";"30105/30103";"01.04.2017";"31.03.2019";"448202.00";"Chromatin-remodeling enzymes; Histone methylation; Oligodendrocytes; Regeneration; Schwann cells; Myelin"
